id,username,name,nb_activity,label,manual_label,origin
5535246,svedova,Savas Vedova,264,Human,,human
508743,jarka,Jarka Ko≈°anov√°,289,Human,,human
1642716,jprovaznik,Jan Provaznik,265,Human,,human
9426861,eduardobonet,Eduardo Bonet,236,Human,,human
12459192,dmeshcharakou,Dzmitry (Dima) Meshcharakou,238,Human,,human
12695021,adie.po,Adie (she/her),248,Human,,human
12519771,adil.farrukh,Adil Farrukh,230,Human,,human
13250778,mtimoustafa,Mohamed Moustafa,85,Human,,human
4787364,nmilojevic1,Nikola Milojevic,221,Human,,human
9038920,KrIr17,KrIr17,280,Human,,human
401528,doctormo,Martin Owens,252,Human,,human
18311901,ltlnx,Wen-Wei Kao,294,Human,,human
2907496,dehesselle,Ren√© de Hesselle,259,Human,,human
939595,marcjeanmougin,Marc Jeanmougin,180,Human,,human
8822351,pbs3141,PBS,241,Human,,human
1388104,mgmax,Max Gaukler,151,Human,,human
3421809,adam.belis,Adam Belis,169,Human,,human
25032888,peterberendi,Peter Berendi,92,Human,,human
5878538,ajwalker,Arran Walker,267,Human,,human
1607849,mrincon,Miguel Rincon,246,Human,,human
64248,stanhu,Stan Hu,258,Human,,human
276442,xMAC94x,Marcel,89,Human,,human
12304466,horblegorble,horblegorble,26,Human,Human,human
9790649,IsseW,Isse,177,Human,,human
13030914,do-no-van,incompetent,20,Human,Human,human
9695105,UncomfySilence,UncomfortableSilence,5,Human,Human,human
3505910,Imbris,Imbris,39,Human,Human,human
2956079,jrmi,J√©r√©mie Pardou,223,Human,Human,human
2472970,bramw,Bram Wiepjes,200,Human,,human
20007514,paljort,Tsering Paljor,263,Human,Human,human
20995031,dimmur_baserow,Przemyslaw Kukulski,246,Human,Human,human
13842482,jonathanadeline,Jonathan Adeline,167,Human,Human,human
11072814,_dvd,Davide Silvestri,210,Human,Human,human
12246555,peter_baserow,Peter Evans,174,Human,Human,human
20727588,cezary-baserow,Cezary Statkiewicz,263,Human,Human,human
65872,weblate,Weblate,300,Bot,Bot,human
2073371,theimpulson,Aayush Gupta,261,Human,,human
55954,gnachman,George Nachman,249,Human,Human,human
2211071,finite-state-machine,Dave Suffling,6,Human,Human,human
141895,rwmitchell,Richard,9,Human,Human,human
5985348,markhnsn,Mark Hansen,61,Human,,human
1631868,truenorth,Stephen C. North,99,Human,,human
3116388,ferdnyc,FeRD (Frank Dana),40,Human,,human
1229920,yarda,Jaroslav ≈†karvada,40,Human,,human
1773206,steveroush,steve roush,27,Human,Human,human
275623,magjac,Magnus Jacobsson,119,Human,Human,human
6764551,johnthacker,John Thacker,255,Human,,human
5636682,guyharris,Guy Harris,275,Human,,human
4753670,stigbjorlykke,Stig Bj√∏rlykke,186,Human,,human
860017,geraldcombs,Gerald Combs,257,Human,,human
2398962,JaapKeuter,Jaap Keuter,266,Human,,human
6797213,eugene.adell,Eug√®ne Adell,87,Human,,human
5484639,dexgerig,Dexter Gerig,5,Human,Human,human
4554077,nhxnguyen,Nick Nguyen,192,Human,,human
13143755,francoisrose,Fran√ßois Ros√©,224,Human,,human
2338505,mle,Michael Le,283,Human,,human
5618439,alex_venter,Alex Venter,293,Human,Human,human
3379682,vshushlin,Vladimir Shushlin,238,Human,,human
15359194,dat.tang.gitlab,Dat Tang,241,Human,,human
7297077,dpeterson1,Dave Peterson,5,Human,Human,human
8298946,dvanrooijen2,Dennis van Rooijen,80,Human,,human
3483274,acroitor,Alexandru Croitor,233,Human,,human
12187344,nrosandich,Nate Rosandich,254,Human,,human
2873532,linsui,linsui,250,Human,Human,human
534375,licaon-kter,Licaon_Kter,261,Human,Human,human
4643818,rmlarsen1,Rasmus Munk Larsen,180,Human,,human
19647687,sbronder1,Steve Bronder,11,Human,Human,human
1715620,hramrach,Michal Such√°nek,25,Human,,human
1249994,johnbeard,John Beard,285,Human,,human
6035515,Qbort,Roberto Fernandez Bautista,9,Human,Human,human
5016159,charrasjp,jean-pierre charras,224,Human,,human
2420511,AnyOldName3,AnyOldName3,277,Human,,human
4549102,BabbleBones,Bones,83,Human,,human
3714555,tr1265,Tom Rini,94,Human,Human,human
2863993,birkelund,Klaus Jensen,70,Human,Human,human
8262321,thuth,Thomas Huth,142,Human,,human
12334249,jcapitao-rh,Joel Capitao,9,Human,,human
2441448,keks24,Ramon Fischer,58,Human,Human,human
36332,calestyo,Christoph Anton Mitterer,7,Human,Human,human
1144264,mkozono,Michael Kozono,196,Human,,human
714871,dustinmm80,Dustin Collins,109,Human,,human
4058309,mnohr,Matt Nohr,230,Human,,human
11762197,nao.hashizume,Nao Hashizume,252,Human,,human
12412045,edwardhilgendorf,Edward Hilgendorf,112,Human,,human
4855585,ash2k,Mikhail Mazurskiy,215,Human,,human
22885575,aharadon,Arianna Haradon,269,Human,Human,human
9938509,faleksic,Filip Aleksic,136,Human,,human
5413811,peterhegman,Peter Hegman,258,Human,,human
514662,furkanayhan,Furkan Ayhan,201,Human,,human
907418,abitrolly,Anatoli Babenia,182,Human,,human
916250,digitalLumberjack,digitalLumberjack,262,Human,,human
4908464,gugueU,gugue,15,Human,Human,human
19169050,beudbeud,Adrien Beudin,289,Human,Human,human
7444101,Akkeoss,Akkeoss,26,Human,Human,human
2683848,eread,Evan Read,280,Human,Human,human
9938359,dserafin-gitlab,Dima Serafin,66,Human,,human
7642764,cmutua,Christopher Mutua,219,Human,,human
4849,balasankarc,Balasankar 'Balu' C,238,Human,,human
12860658,plu8,Peter Lu,107,Human,,human
597578,WarheadsSE,Jason Plum,240,Human,,human
27370,theoryshaw,Ryan Schultz,7,Human,,human
343646,moeiscool,Moe,223,Human,,human
367474,HarryEMartland,Harry Martland,10,Human,Human,human
3121862,picdc,Pierrick Couderc,171,Human,Human,human
5452222,lrand,Lucas Randazzo,179,Human,Human,human
1506112,mebsout,Alain Mebsout,234,Human,,human
2785935,vect0r,Victor Allombert,91,Human,Human,human
1517950,iguerNL,Mohamed IGUERNLALA,296,Human,Human,human
21838646,4dam,Adam,170,Human,,human
4554690,ZaynahDargaye,Zay Dargaye,13,Human,Human,human
2847070,rafoo_,Rapha√´l Cauderlier,285,Human,,human
12927632,hmerscher,Hercules Merscher,248,Human,,human
506061,ahmadsherif,Ahmad Sherif,149,Human,,human
9734148,tmillhouse,Taliesin Millhouse,244,Human,,human
12345715,ayeung,Adeline Yeung,138,Human,,human
853414,andr3,Andr√© Lu√≠s,237,Human,,human
11761787,jennykim-gitlab,Jenny Kim,227,Human,,human
12345320,nduff,Nick Duff,201,Human,,human
1254817,jarv,John Jarvis,201,Human,,human
210928,sxuereb,Steve Xuereb,181,Human,,human
21446049,vwolanyk,Vlad Wolanyk,279,Human,,human
1272983,papanito,Adrian Wyssmann,17,Human,Human,human
11827,mojavelinux,Dan Allen,266,Human,,human
3457201,viktomas,Tomas Vik,239,Human,,human
3199302,dmishunov,Denys Mishunov,176,Human,,human
3540517,ealcantara,Enrique Alc√°ntara,279,Human,,human
626804,pedroms,Pedro Moreira da Silva,182,Human,,human
21988999,juhee.lee,Juhee Lee,287,Human,,human
12455340,andrei.zubov,Andrei Zubov,244,Human,,human
7967119,dfrhodes,Dan Rhodes,54,Human,,human
282459,ajjackson,Adam Jackson,46,Human,,human
2791941,tpurcell90,Thomas Purcell,194,Human,,human
71312,askhl,Ask Hjorth Larsen,191,Human,,human
769124,yuzie007,Yuji Ikeda,217,Human,,human
7764632,gilcu2,Reynaldo Gil Garc√≠a,12,Human,Human,human
20564989,Fefe23,Felix von Leitner,10,Human,Human,human
12398443,evorster,Evert Vorster,9,Human,Human,human
19387582,jlo62,jan luca,109,Human,,human
11406210,jojo2357,jojo2357,262,Human,,human
21979359,rsarangadharan,Roshni Sarangadharan,257,Human,Human,human
8555568,kpaizee,Kati Paizee,118,Human,,human
4155490,marcel.amirault,Marcel Amirault,211,Human,,human
25346269,siddharthkannan,Siddharth Kannan,39,Human,,human
12750949,ngala,Naman Jagdish Gala,280,Human,,human
22882187,emily.sahlani,Emily Sahlani,238,Human,,human
683729,Alexand,Jo√£o Alexandre Cunha,230,Human,,human
3585,axil,Achilleas Pipinellis,260,Human,,human
13376698,clemensbeck,Clemens Beck,255,Human,,human
2385906,tshup,Tshup,15,Human,,human
2363613,bztsrc,bzt,142,Human,Human,human
5060795,SuperTeece,TC,87,Human,,human
968153,kyanha,Kyle H,17,Human,,human
1356582,debanjanbasu,Debanjan Basu,5,Human,Human,human
15627891,eve.hobert,Evelyn Hobert,8,Human,Human,human
9974985,gkgoat6700,Graham Kelly,5,Human,Human,human
5522960,samihiltunen,Sami Hiltunen,195,Human,,human
21819753,divya_gitlab,Divya Rani,255,Human,,human
18454560,echui-gitlab,Emily Chui,157,Human,,human
21905482,mustafabayar,Mustafa Bayar,232,Human,,human
12190999,knayakgl,Karthik Nayak,229,Human,,human
11648083,jamesliu-gitlab,James Liu,218,Human,,human
12088614,justintobler,Justin Tobler,228,Human,,human
16812222,eric.p.ju,Eric Ju,265,Human,,human
26331,grote,Torsten Grote,219,Human,,human
8587833,pmmayero,paul mayero,162,Human,,human
79474,jspricke,Jochen Sprickerhof,110,Human,,human
10972498,jtang613,Jason Tang,16,Human,Human,human
2361553,DavidGriffith,David Griffith,57,Human,,human
2985324,thgoebel,Thore G√∂bel,272,Human,,human
4505000,Nulide,Nulide,211,Human,,human
1104575,BigBadWaffle,Big Bad Waffle,41,Human,,human
661177,vildravn,Vildravn,8,Human,,human
2601285,andrcuns,andrejs,217,Human,Human,human
2688090,codifryed,Guy Boldon,236,Human,,human
6491651,stewi1014,Stewart Borle,96,Human,,human
20708790,bogdan.tsechoev,Bogdan Tsechoev,188,Human,,human
1906296,NikolayS,Nikolay Samokhvalov,185,Human,,human
5205527,akartasov,Artyom Kartasov,79,Human,,human
8216115,Adrinlol,Lasha Kakabadze,46,Human,Human,human
4740783,Tanya301,Tanya,23,Human,,human
4939803,vitabaks,Vitaliy Kukharik,263,Human,,human
457823,melroy89,Melroy van den Berg,24,Human,,human
572014,podiki,podiki,72,Human,,human
203726,wordempire,Jelle Licht,10,Human,Human,human
106237,jonsger,Jonathan Brielmaier,52,Human,,human
21754531,admmq,admmq,9,Human,,human
20318524,look7,Look,13,Human,,human
135004,wahjava,Ashish SHUKLA,16,Human,Human,human
107958,msapiro,Mark Sapiro,216,Human,,human
1689563,SuperSandro2000,Sandro,15,Human,Human,human
53909,mcepl,Matƒõj Cepl,26,Human,,human
2464287,hcsch,Hans Christian Schmitz,13,Human,Human,human
2318231,fumiyas,SATOH Fumiyasu,68,Human,,human
167329,danil-smirnov,Danil Smirnov,21,Human,,human
25073171,nutsboy,nutzboi,5,Human,Human,human
1814509,chealer,Philippe Cloutier,26,Human,Human,human
8251961,drjaska,Dr. Jaska,263,Human,,human
49453,terencehill,terencehill,238,Human,,human
72152,SpiKe,Spike29,39,Human,Human,human
14998147,Oglo12,Jackson Novak,144,Human,,human
157059,bufke,David Burke,228,Human,,human
8832153,james.kiger,james kiger,92,Human,,human
7615788,zentavr1,Andrii Miroshnychenko,6,Human,Human,human
15530545,bvdcode,Vadim Belov,20,Human,,human
1736906,rcurtin,Ryan Curtin,50,Human,,human
2708575,AlphaPrime,Kenneth Loafman,222,Human,,human
12170455,poggenpower,Thomas Laubrock,40,Human,Human,human
8475386,edeso,ede,124,Human,,human
244679,luk1337,luk1337,67,Human,,human
13028900,computerbuster,Gianni Rosato,123,Human,,human
5560807,PhoenixWorth,PhoenixWorth,108,Human,Human,human
21309376,salomethirot-arm,Salome Thirot,84,Human,,human
7368272,hguermaz,Hassen Guermazi,116,Human,,human
3546670,1480c1,Christopher Degawa,268,Human,Human,human
2404524,nejc,Nejc Habjan,223,Human,,human
3410061,viceice,Michael Kriese,227,Bot,Bot,human
10822627,seggenberger,Sascha Eggenberger,259,Human,,human
4017299,jeldergl,Jeremy Elder,261,Human,,human
18056618,clavimoniere,Chad Lavimoniere,271,Human,,human
832471,psimyn,Simon Knox,246,Human,,human
11485645,thutterer,Thomas Hutterer,267,Human,,human
12410838,sdejonge,Scott de Jonge,246,Human,,human
19402497,marina.mosti,Marina Mosti,268,Human,,human
5877186,bbhtt,bbhtt,296,Human,,human
4969990,freedesktop_sdk_updater,freedesktop_sdk_updater,292,Bot,Bot,human
2656066,ilya-fedin,Ilya Fedin,6,Human,Human,human
7056163,Erick555,Erick555,212,Human,Human,human
2799254,nanonyme,Seppo Yli-Olli,290,Human,,human
970464,honeyryderchuck,HoneyryderChuck,214,Human,,human
1199665,Earlopain,Earlopain,12,Human,,human
25482425,myronmarston,Myron Marston,6,Human,Human,human
23141624,jason.king,Jason King,7,Human,Human,human
7395653,jaredivey,jaredivey,147,Human,Human,human
1282398,Gabrielcarvfer,Gabriel Ferreira,251,Human,,human
4099775,shattered.feelings,Alberto Gallegos,176,Human,,human
3148397,sderonne,Sebastien Deronne,30,Human,Human,human
2791497,stavallo,Stefano Avallone,95,Human,,human
2480280,tomhenderson,Tom Henderson,285,Human,,human
10821571,ddieulivol,David Dieulivol,227,Human,,human
11388441,fshabir,Furhan Shabir,169,Human,,human
4059254,sabrams,Steve Abrams,153,Human,,human
12187742,sarahwalker,Sarah Walker,81,Human,,human
18285146,jcstephenson,Jack Stephenson,189,Human,,human
10588567,astarovoytov,Anton Starovoytov,169,Human,,human
19535662,fforster,Florian Forster,232,Human,,human
20539920,lindsey-shelton,Lindsey Shelton,268,Human,,human
876203,igorwwwwwwwwwwwwwwwwwwww,Igor,99,Human,,human
3623028,cmiskell,Craig Miskell,127,Human,,human
19397179,utkarsh060,Utkarsh Singhal,72,Human,Human,human
9426624,rbacovic,Radovan Bacovic,103,Human,,human
12243588,csnehansh,Snehansh Chaturvedi,90,Human,,human
11485155,j_kim,Jueun Kim,62,Human,,human
9466837,degan,David Egan,23,Human,,human
9386100,chrissharp,Chris Sharp,82,Human,,human
12416880,juwong,Justin Wong,87,Human,,human
3351465,rkohnke,Robert Kohnke,130,Human,,human
8209102,vedprakash2021,ved prakash,89,Human,,human
8103099,jfarmiloe,Justin Farmiloe,55,Human,,human
12863359,SamirHafez,Samir Hafez,9,Human,,human
3769272,grantyoung,Grant Young,209,Human,,human
895869,andrewn,Andrew Newdigate,254,Human,,human
18010494,ktchernov,Konst Tchernov,58,Human,,human
5722081,nwestbury,Nick Westbury,255,Human,,human
10051007,tmike,Michael Trainor,161,Human,,human
4336922,abologna,Andrea Bolognani,87,Human,,human
156202,MichalPrivoznik,Michal Pr√≠vozn√≠k,118,Human,,human
109026,berrange,Daniel P. Berrang√©,263,Human,,human
9315855,Holger23,Holger D,30,Human,Human,human
2394719,myron0815,Myron,134,Human,Human,human
13232063,oleg-shatov,Oleg Shatov,61,Human,Human,human
9555157,cher-nov,Dmitry D. Chernov,38,Human,Human,human
9059055,PascalDragon,Sven/Sarah Barth,255,Human,Human,human
9155183,zamtmn,Andrey Zubarev,7,Human,,human
11363970,flow-crane,flowCRANE,11,Human,Human,human
9105168,lazidealist,Mattias Gaertner,145,Human,,human
3588737,martin_frb,Martin,280,Human,,human
9155948,zeljan1,≈Ωeljan Rikalo,281,Human,Human,human
14861405,WooBean007,W≈Çodzimierz Bie≈Ñ,69,Human,Human,human
2054640,jrdasm,Cyrille Pontvieux,114,Human,,human
12033665,lucasmz,LucasMZ,158,Human,,human
24916940,munthank,Mark Unthank,53,Human,,human
553096,markrian,Mark Florian,232,Human,,human
181229,leipert,Lukas Eipert,252,Human,,human
20366655,michelle-chen,Michelle Chen,103,Human,,human
11256358,jrushford,James Rushford,279,Human,,human
6193108,aregnery,Austin Regnery,22,Human,Human,human
10593761,danmh,Dan MH,256,Human,,human
1536216,bmwiedemann,Bernhard M. Wiedemann,30,Human,,human
53532,sdarwin,Sam Darwin,9,Human,Human,human
71118,anarcat,Antoine Beaupr√©,170,Human,,human
8196934,millennium_dawn_cwtools,Millennium Dawn CWTools,22,Bot,Bot,human
21138799,cyrusjackson1,cyrusjackson1,147,Human,Human,human
8346286,alexghost573,Lisson,82,Human,Human,human
11101505,MattyBoombalatty,Matty,50,Human,,human
20692576,patrickReiis,P. Reis,281,Human,Human,human
22154634,danidfra,Daniel,234,Human,,human
737172,alexgleason,Alex Gleason,215,Human,,human
21370681,Karmalakas,Karmalakas,10,Human,Human,human
5017501,gkeeth,Graham Keeth,268,Human,,human
10728051,nbarr,N Barr,38,Human,Human,human
1758997,LisaHill,Lisa,28,Human,Human,human
2687379,tintenfisch,wunderfisch,5,Human,Human,human
1700791,liv-theo,tina,37,Human,Human,human
1522606,bl00dymarie,bl00dymarie,116,Human,,human
7990881,Grimmauld,Grimmauld,42,Human,,human
2378733,zyga-aka-zygoon,Zygmunt Krynicki,268,Human,,human
1886817,emixam16,Maxime B√©lair,39,Human,,human
1724612,cboltz,Christian Boltz,217,Human,,human
1305112,pietrodelugas,Pietro Delugas,44,Human,,human
10953964,bellenlau,Laura Bellentani,24,Human,,human
1938951,ye-luo,Ye Luo,11,Human,,human
1816409,timrov,Iurii Timrov,38,Human,Human,human
21418252,jiang-yuha0,jiang-yuha0,8,Human,Human,human
2572241,jmlihm,Jae-Mo Lihm,56,Human,,human
14101,miro.ilias,Miroslav Ilia≈°,81,Human,,human
2453009,thwright,T. H. Wright,5,Human,Human,human
10564093,aje.baugh,Adrian Knagg-Baugh,266,Human,Human,human
2385485,lock042,Cyril Richard,248,Human,Human,human
929255,cogbot,GitLab Cog Bot,250,Bot,,bot-heuristic
21134072,project_278964_bot_a1e04ca047b466ba2f6534548fe23088,ops.gitlab.net/gitlab-com/database-team/gitlab-com-database-testing:GITLAB_API_TOKEN,300,Bot,Bot,bot-heuristic
21681581,project_278964_bot_d928bc4aee0c73fc4ffa994d76825393,Auto-quarantining bot,300,Bot,,bot-heuristic
22819274,project_278964_bot_77e28085fcec07f14dfd31c689824b5b,release-tools approver bot,300,Bot,,bot-heuristic
23047801,group_12627982_bot_fa274bcce794e189d7608b786351d57e,Foundations bot,6,Bot,Bot,bot-heuristic
24920678,project_278964_bot_99d8e0716045edece1ece406bdf03728,RUBY_SYNC,300,Bot,,bot-heuristic
25358879,project_278964_bot_721481034e48437e1f8ec9b259db3134,TEST_SLOW_NOTE_PROJECT_TOKEN,157,Bot,,bot-heuristic
25358891,project_278964_bot_87c17d71a842955abfceaf361a49f249,TEST_FAILURES_PROJECT_TOKEN,300,Bot,,bot-heuristic
25358904,project_278964_bot_079be3103ed333565a8fbea3be7252f4,PROJECT_TOKEN_FOR_CI_SCRIPTS_API_USAGE,300,Bot,,bot-heuristic
25358947,project_278964_bot_b66b169fda2a3223a645094be35d5515,DANGER_GITLAB_API_TOKEN,300,Bot,,bot-heuristic
8420142,gitlab-dependency-update-bot,GitLab Dependency Bot,96,Bot,Bot,bot-heuristic
23012018,project_3472737_bot_1fbc613f42d33124c34fb98cc87650ea,Inkscape translations bot,26,Bot,,bot-heuristic
1553458,gitlab-crowdin-bot,GitLab Crowdin Bot,300,Bot,,bot-heuristic
21707468,project_250833_bot_836d914bb2e54d8af31290f600147a0c,Danger bot,170,Bot,,bot-heuristic
2554746,veloren-bot,Veloren,241,Bot,,bot-heuristic
8866215,veloren_collaboration_bot,collaboration bot,149,Bot,,bot-heuristic
23131361,project_10858056_bot_f969f72a7e15086827dc9d30b978faa2,CORE_AUTOBOT_GITLAB_PERSONAL_ACCESS_TOKEN,56,Bot,,bot-heuristic
20833598,group_1996273_bot_cc390f2dcbab04de9a8637944d3a12ae,renovatebot,32,Bot,,bot-heuristic
20925392,project_7764_bot_61d7144c3920eb312a5c54eaf3b72b3c,danger-bot,7,Bot,Bot,bot-heuristic
1289430,fdroid-bot,F-Droid Bot,105,Bot,,bot-heuristic
25073969,project_15462818_bot_3664b606fd994f2f0d7d6e1051c0505e,ci_git_push_access,12,Bot,Bot,bot-heuristic
5015372,kicad-bot,KiCad Bot,117,Bot,Bot,bot-heuristic
22381638,project_7153509_bot_7ca269a66ac9cc6ca2f90b68d42d3661,triage,59,Bot,,bot-heuristic
24585238,project_74823_bot_eecfeb210f383dd51e07077f09ad39a1,DANGER_GITLAB_API_TOKEN,243,Bot,,bot-heuristic
23276496,project_34675721_bot_63c565833c0f8145e9e29ea80c3a260a,project_danger_token_dev,92,Bot,,bot-heuristic
8770486,nomadic-margebot,Marge Bot,207,Bot,,bot-heuristic
1786152,gitlab-bot,ü§ñ GitLab Bot ü§ñ,159,Bot,Bot,bot-heuristic
24798974,project_1148549_bot_d81065e21dec9d41dc5634b28be45f2d,renovate-bot,233,Bot,,bot-heuristic
24798975,project_1148549_bot_56abfea0258612034835203d73f47c34,danger,178,Bot,,bot-heuristic
24798973,project_1148549_bot_21bb566b6bbb2eb9618a42a7d1859a47,semantic-release,245,Bot,,bot-heuristic
24799041,project_1148549_bot_54f67ee4e7c31c72c1458fe69ffda620,woodhouse,158,Bot,,bot-heuristic
24651378,project_5261717_bot_496b695b4cbdf5e91b5be590c1d72f72,danger bot access token,191,Bot,,bot-heuristic
25012344,project_5261717_bot_c61048c9d61862d90bd10ad33a54aabc,semantic-release-token,135,Bot,Bot,bot-heuristic
19644286,project_3828396_bot_0f903a4c2ee94e92e669bf76d6f1c4a6,CNG: ISSUE_TRACKER_API_TOKEN,6,Bot,Bot,bot-heuristic
24571762,project_2009901_bot_74b13bc7f440243490fab52f7ffc4d35,Danger Bot,149,Bot,,bot-heuristic
23403402,project_7071551_bot_6c18b737953d30166b19f5c7124223bc,GitLab UI Danger Bot,223,Bot,,bot-heuristic
23403417,project_7071551_bot_f5fdad4eae13d23093bbe3413d011d9e,gitlab-ui releases,274,Bot,,bot-heuristic
2700514,fsdk-marge-bot,Freedesktop SDK Merge Bot,205,Bot,,bot-heuristic
10620598,glrenovatebot,Soos,292,Bot,,bot-heuristic
24798896,group_1112072_bot_165944cd6e64b38b4c0520d5edcd2053,oncall-robot-assistant,8,Bot,,bot-heuristic
24798902,group_1112072_bot_d014cc61531b07b593822b83bea118a3,woodhouse-slack,80,Bot,,bot-heuristic
24798901,group_1112072_bot_fe57696218e80a2d38f21d17114b3f65,woodhouse-handover,184,Bot,,bot-heuristic
25138409,group_1112072_bot_0d41afb74ecfaa55ec5343f59ceb3a78,change-scheduler,12,Bot,,bot-heuristic
24973515,project_14292404_bot_57d28a1bb55cd4dd0db2d62e98d1949b,DANGER_GITLAB_API_TOKEN,6,Bot,Bot,bot-heuristic
23458231,project_734943_bot_a69f6c6d12e0117b341434920c8eba0d,DANGER_GITLAB_API_TOKEN_2024,33,Bot,,bot-heuristic
25773172,group_10870176_bot_74544bb7e730d4b0d05330e11754cbff,test-mr-script,27,Bot,,bot-heuristic
21505705,group_56389922_bot_5b7b722f970e61e78b5abbfbae051183,Docsy GitLab Release,300,Bot,,bot-heuristic
21939084,project_42817607_bot_a8244e73f1daf844c1fa6e91f7f3eb04,DANGER_GITLAB_API_TOKEN,112,Bot,,bot-heuristic
22245308,group_56389922_bot_d5acfd3f236b75a39c7a05d8424e5448,Triage bot,295,Bot,,bot-heuristic
21700398,project_40916776_bot_1b87eb13b8a1e9905daaeef23145fa68,Danger bot,93,Bot,,bot-heuristic
24597129,project_430285_bot_70904fb10342485479573b9773c04385,danger-review,21,Bot,,bot-heuristic
24798979,project_430285_bot_fd77d0789f6bca571bf21d19023c6d86,danger,157,Bot,,bot-heuristic
24798982,project_430285_bot_50b118267442859ba0f8b7b2fe384a28,renovate-bot,186,Bot,,bot-heuristic
21800708,project_4149988_bot_f13e10c1e5f1decbe8427389ecf1d9e9,gitlab-svgs release,6,Bot,Bot,bot-heuristic
21800719,project_4149988_bot_fcce6e2292ad895981a769160373b9b4,gitlab-svgs danger,12,Bot,,bot-heuristic
21279425,project_1083469_bot_85991a4c5d3ea1ea7bfdfd99a0ee859c,triage-support-fix-bot,13,Bot,,bot-heuristic
25481643,project_39683789_bot_dee396b4d99605ba9e4d730fbdf6bf09,Ekline,6,Bot,Bot,bot-heuristic
5935829,lilypond-bot,LilyPond Bot,108,Bot,,bot-heuristic
21309161,project_18899486_bot_eabca2d5d0f8b0aa6e1849ab8716c31f,OPERATOR_RELEASE_ISSUE_TOKEN,24,Bot,,bot-heuristic
24852978,project_18899486_bot_e2d93076458c73e2ae2466ffe3add2a1,DANGER_GITLAB_API_TOKEN,29,Bot,,bot-heuristic
5668172,cki-admin-bot,CKI Admin Bot,180,Bot,,bot-heuristic
3953733,cki-bot,CKI Bot,300,Bot,,bot-heuristic
8143989,cki-kwf-bot,CKI KWF Bot,75,Bot,,bot-heuristic
21281452,cki-backport-bot,CKI Backport Bot,300,Bot,,bot-heuristic
11032269,imagebuilder-bot,Image Builder Bot,296,Bot,,bot-heuristic
3146895,tikibot,TikiBot,297,Bot,,bot-heuristic
5589227,cki-ci-bot,CKI CI Bot,245,Bot,,bot-heuristic
5974646,cki-ark-bot,CKI ARK Bot,298,Bot,,bot-heuristic
22939024,service_account_group_59800588_5b856dc377465a1db9d1212fddf584f3,Sylva triage bot,255,Bot,,bot-heuristic
5826455,html-validate-bot,HTML-validate,300,Bot,,bot-heuristic
25078900,project_65271576_bot_b1536fd80e97ecd45130660fde570b1f,danger bot,23,Bot,,bot-heuristic
21814154,project_22820629_bot_cbc9e007e1c4005d5d848f10a895abd1,Choom Bot,51,Bot,,bot-heuristic
5678729,sahbot,SoftAtHome bot,298,Bot,,bot-heuristic
21449246,group_6326218_bot_9d9ca8037e956312eed263446ba87e1a,prplbot,182,Bot,,bot-heuristic
8838050,tbc-bot,to be continuous bot,254,Bot,,bot-heuristic
24689853,project_13831684_bot_f32bbd5a1ce2999593a10380eaf8557a,DANGER_GITLAB_API_TOKEN,95,Bot,,bot-heuristic
21365787,group_7003188_bot_4f0a14a1ffaa54b5c9253655dcc3aa8d,CLABot 2,98,Bot,Bot,bot-heuristic
21453018,group_7003188_bot_1c43791bfaf6fa383edb61b41b542d37,gitlab-ci-semantic-release,89,Bot,,bot-heuristic
24799181,project_12547113_bot_b8224086cb676225f2e4ef4aa7bab4be,danger,124,Bot,,bot-heuristic
24799214,project_12547113_bot_449d35270874b50867c0421ccdb3dbfd,notify-mr,63,Bot,,bot-heuristic
24799215,project_12547113_bot_dd3f8407827b3a2117a9443742505cff,chart-bumper,60,Bot,,bot-heuristic
23541107,project_37860711_bot_d42bd95d96d7c144d5c27aa7b9707c28,CMS submodule,9,Bot,Bot,bot-heuristic
23541152,project_37860711_bot_f160792279140129f8d274a55325322c,ci-git-token,8,Bot,Bot,bot-heuristic
24850576,project_32950782_bot_676e94dbaba63ca2192d97337d2ec2ad,Danger API token,131,Bot,,bot-heuristic
21588380,project_1641463_bot_a011c902ee78fa1607870cd59eb1d454,CI-based creation of automatic issues,51,Bot,,bot-heuristic
3701116,rybot,Robert Helgesson (Bot),165,Bot,,bot-heuristic
21254115,group_2452873_bot_6dbc111e3a7bafcdc791c9a9db8f9921,sast-bot,95,Bot,,bot-heuristic
21711502,group_2452873_bot_c753d848f7cfc2edc234301f571b4d3c,DANGER_GITLAB_API_TOKEN,172,Bot,,bot-heuristic
25408003,project_39903947_bot_7ec79239d246a8e5d3c811a7cddba44e,DANGER_GITLAB_API_TOKEN,75,Bot,,bot-heuristic
19611369,project_42451983_bot_3634f85b729cc615f28b2c5c006d7c60,TIM tester bot,61,Bot,,bot-heuristic
21744311,service_account_group_59800588_0f6fd8e977a6c86f7522a46f254943dc,Sylva Renovate bot,205,Bot,,bot-heuristic
24715118,group_65781592_bot_10f9b39957a4fffd40f0e0274ab938c4,marge-org renovate-bot,93,Bot,Bot,bot-heuristic
24798417,project_44832549_bot_03f92d37326c887e2c4cbab93b88fd96,marge release-bot,106,Bot,,bot-heuristic
22742455,vls-bot,VLS Bot,19,Bot,,bot-heuristic
21470778,project_46519181_bot_4fb290001473e8da9660b5693528052a,danger bot token,287,Bot,,bot-heuristic
23317931,group_11547342_bot_2109d40483336b6cd2bb1c570aedb817,CI,252,Bot,,bot-heuristic
8421074,lkft-bot,lkft-bot,190,Bot,,bot-heuristic
25359497,manuel.bottini,Manuel B,31,Human,Human,bot-heuristic
21380889,project_19168116_bot_16862f3c25076feb1242be2daf5fd0c5,codeowners-mr,32,Bot,,bot-heuristic
22820097,project_19168116_bot_01c4d50f7f8a8c70cda8a2058024838c,gitlab-job-deploy-production/restored,220,Bot,,bot-heuristic
24799188,project_17599543_bot_e4d0a07ae8cb8ab4d58d027b57caa5e1,danger,298,Bot,,bot-heuristic
24799216,project_17599543_bot_301fc5196d400b4b3e94832c66c6619e,notify-mr,135,Bot,,bot-heuristic
21300780,group_2750817_bot_7524e552e4fd2f2808784981efe6a190,pipeline-common-ref-update,153,Bot,,bot-heuristic
21889317,project_27428957_bot_9295a4e20b10f069c424738f9a676c7e,upvers_token,5,Bot,Bot,bot-heuristic
6514973,tuxedo_bot,tuxedo_bot,134,Bot,,bot-heuristic
1662954,sosy-bot,ü§ñ SoSy-Bot ü§ñ,298,Bot,Bot,bot-heuristic
22473378,project_44042130_bot_6a748251ed338313e01f6ff147fd9943,codeberg_mirror_fresh,7,Bot,Bot,bot-heuristic
21334568,project_32123684_bot_be425336386caa73c30c0e9c056321b8,Token pour releases de KM,31,Bot,,bot-heuristic
8199175,ecg_cicd_readonly,ECG Bot (readonly),51,Bot,,bot-heuristic
8199212,ecg_cicd,ECG Bot,266,Bot,,bot-heuristic
24614294,group_67740146_bot_7c548ecafb02767811ea1226de16525a,Runway Renovate Robot,293,Bot,,bot-heuristic
4313252,goldenbot,GoldenBot,300,Bot,,bot-heuristic
21840396,project_18741849_bot_0043dba7678c07339a15902cd5914876,cnaworkflow,35,Bot,,bot-heuristic
21505882,project_13284652_bot_2543ca0eba500916f6eda618379f4d80,git mailing list api,190,Bot,,bot-heuristic
21555495,project_56933558_bot_36e281ee2e14cd7a0f83ceda95b5ba16,DANGER_GITLAB_API_TOKEN,55,Bot,,bot-heuristic
20521049,group_53986711_bot_92822790c8858b5599712ccf944c70dd,UBports Backport Bot,41,Bot,,bot-heuristic
24799100,project_20709159_bot_634d0086ed2e482c9e4a46885aee794a,semantic-release,6,Bot,Bot,bot-heuristic
24799102,project_20709159_bot_50ab284ad923fb28343eefc783ba3bf4,renovate-bot,259,Bot,,bot-heuristic
24799151,project_21078483_bot_1f7939d3e07a4ef6b7006929794a7700,notify-mr,23,Bot,,bot-heuristic
9575078,dsi11,24-bot,298,Bot,Bot,bot-heuristic
8184503,titouan-joseph,Titouan-Joseph CICORELLA,173,Human,Human,bot-heuristic
21268602,project_32123952_bot_30cbdeb6c55c6ebb7cd1b28fb6153def,KMServer,300,Bot,,bot-heuristic
21331009,project_32123952_bot_4098d754e27bdeda9d8a8114f24ddb16,Bakaclub,53,Bot,,bot-heuristic
21512755,project_32123952_bot_c403d0e43bc93e2f7011a6ffa3865002,Changelog Bot,6,Bot,,bot-heuristic
21835587,project_32123952_bot_a21e07eef6c0ecb53725926f82c6965a,Tags i18n,13,Bot,,bot-heuristic
8449729,miabbott,Micah Abbott,29,Human,Human,bot-heuristic
24891327,group_7286989_bot_878321f63c336c0a0060dfeab8305e9d,dependabot,292,Bot,,bot-heuristic
887487,failfastci-bot,Failfast,46,Bot,,bot-heuristic
903311,k8s-kargo-ci-robot,k8s-kargo-ci-robot,299,Bot,,bot-heuristic
9274847,jamietanna_bot,Tanna[bot],161,Bot,Bot,bot-heuristic
7503825,yaook-renovate-bot,Yaook Bot,299,Bot,,bot-heuristic
21839649,project_29738620_bot_e5ded9ada0ddfda09e1d749a2ec15eb8,PUSH_TOKEN (rdm),230,Bot,,bot-heuristic
21839977,group_8953118_bot_e3cba6a87199141e5bcaf75a0bd9a4df,yaook-bot,212,Bot,,bot-heuristic
24627180,project_14477200_bot_71bd2c8d7342ab2c19f9cbd1740ce739,project_danger_token_dev,20,Bot,,bot-heuristic
23475606,project_59518842_bot_53fa81a4d2037c5486d475f7e48451a8,MRAutomaton,61,Bot,,bot-heuristic
23529197,project_59518842_bot_03d2aa2168e40ca1748fe8bff82b58f2,ReleaseAutomaton,19,Bot,Bot,bot-heuristic
21380894,project_12674929_bot_df7417e5bef6697b7799d3027a351f72,gitlab-job-deploy-production,102,Bot,,bot-heuristic
23326025,project_62674588_bot_a9382389da038ea1871e03a3b34bb28b,Danger,87,Bot,,bot-heuristic
22896795,project_57279821_bot_612687838eb0b5a47cc060f5586e4afa,semantic-release,16,Bot,,bot-heuristic
22012342,project_15223829_bot_0b840da1600e38277ed79aebb54bb369,LMS42-Feedback-Reporter,94,Bot,,bot-heuristic
24799092,project_56726842_bot_f54ca228562b5113175876912010e603,danger,47,Bot,,bot-heuristic
24799094,project_56726842_bot_75e4edc3c1e87d0b7fdc102148595550,renovate-bot,132,Bot,,bot-heuristic
22103805,project_21051488_bot_786dc808bdcfe3ff0dad82ffe2aa8973,CONTRATOS_API_TOKEN,10,Bot,,bot-heuristic
9097596,particify-dependency-bot,Particify Dependency Bot,290,Bot,,bot-heuristic
22157057,project_59366820_bot_578383fee65d6eb47c3bc444f76e3c51,DANGER_GITLAB_API_TOKEN,120,Bot,,bot-heuristic
9280824,kubitus-bot,Kubitus Bot,199,Bot,,bot-heuristic
22850105,group_12101187_bot_72d7a63cda3920e16501d43a25579901,GitLabracadabra Configuration,7,Bot,Bot,bot-heuristic
24693351,group_8068961_bot_7dd75cdbb46de43e30b5b4d7cd1d9e49,renovate,227,Bot,,bot-heuristic
7774030,pipeline-components-bot,Pipeline Components Bot,211,Bot,,bot-heuristic
22218859,group_10887954_bot_74e3ed6e04d796e1962fa0be85fe9ae1,jenkins-cccc-gitlab-token,215,Bot,,bot-heuristic
21294481,group_722983_bot_9c016b97d6b977d0f75a2b5ea96579e0,Renovate Bot,266,Bot,,bot-heuristic
20946883,project_54867625_bot_b96883f6641f7663e020288384f7ab34,CI,176,Bot,,bot-heuristic
23553043,project_54867625_bot_ad792c58eb8ac400c2b3777ec95f2d0a,Backend,300,Bot,,bot-heuristic
21492975,project_15291320_bot_7971e8d6eeba4fcde2f7b94650f5e8be,alfred-the-butler,99,Bot,,bot-heuristic
21380919,project_18730232_bot_c0572ced588713c7b3b43dfa660760c0,gitlab-job-deploy-production,67,Bot,,bot-heuristic
22820011,project_18730232_bot_f29cf73cf23eed996249b68cc586ab5a,update-ystream-composes-mr/restored,38,Bot,,bot-heuristic
14293982,tms-bot,TMS Bot,16,Bot,,bot-heuristic
21876070,project_45677880_bot_b33ad15d4543d030879caf621cf78d8f,CI,203,Bot,,bot-heuristic
22760232,project_60607268_bot_3e558ae17beb087a20d5d7d7315d39b4,Onboarding triage,258,Bot,,bot-heuristic
1213871,stalb,St√©phane Talbot,41,Human,Human,bot-heuristic
24799190,project_21151470_bot_736442629f8f7b42b4d112b24f7791d0,danger,57,Bot,,bot-heuristic
24799217,project_21151470_bot_7bc6a7b8863a976288d507c40a61621a,woodhouse,105,Bot,,bot-heuristic
21705413,project_58711783_bot_23e091f26a184df186cb9076209c0719,Danger,19,Bot,,bot-heuristic
22976514,math-pi,Math Pi - FUZION,69,Human,Human,bot-heuristic
4102383,flywheel-bot,Flywheel Bot,292,Bot,,bot-heuristic
24850447,project_56243493_bot_ba196c66326fe4499f869411e46d7052,Whitebox CI,31,Bot,,bot-heuristic
20815616,group_85365992_bot_a383fa235583af3f1b1f40739684af2d,semantic-release,9,Bot,Bot,bot-heuristic
24872394,group_85365992_bot_7f844b08dc34f5c1ee5f40aed61b145d,renovate,87,Bot,,bot-heuristic
21964975,project_25847700_bot_620c0352702cedd7e0f87d2370c585b9,gitlab-project-token-write,83,Bot,,bot-heuristic
21283172,group_5666320_bot_0b57c151bae9317c22e025f529ff07ba,GIT_PUSH_TOKEN,273,Bot,,bot-heuristic
21396186,group_5666320_bot_db58d1878afb638a7bc89646559c7ba1,snyk.io,51,Bot,,bot-heuristic
11280228,biwg-bot,BIWG Bot,287,Bot,Bot,bot-heuristic
10958879,shepard-bot,shepard bot,289,Bot,,bot-heuristic
5306558,The123robot,The123robot,169,Bot,,bot-heuristic
21777076,group_5034914_bot_af6d79480d44bfb3a5f557b14c71e806,GITLAB_DEVELOPER_API,51,Bot,,bot-heuristic
22103650,project_33611450_bot_f73e10ecbe928255952661fc512af1a0,renovate,222,Bot,,bot-heuristic
6822307,abpbot,abpbot,200,Bot,,bot-heuristic
14491771,solveridevbot,Solveri Dev,249,Bot,,bot-heuristic
24799157,project_40106309_bot_5c9b648cbf0a492dea949ae9a2e39081,notify-mr,52,Bot,,bot-heuristic
23398025,group_70446164_bot_2b5eee27d1fa0f544100953ddea82aef,ds_repo_sync,119,Bot,,bot-heuristic
23423170,group_13501534_bot_3403959abd4f8e037292b39e15af20c7,sonarcloud,194,Bot,,bot-heuristic
24857999,project_45471583_bot_e6f6a6d463ad6802d8b3e281d8c3cc32,renovate-runner,66,Bot,Bot,bot-heuristic
21261707,project_16459289_bot_dd9050bef2c08a355bd955153f8d0e0e,GITLAB_TOKEN,157,Bot,,bot-heuristic
20557331,group_84112325_bot_ea39c2d1452d20384a902075f9acb2f2,renovate bot,285,Bot,,bot-heuristic
21273688,project_18250019_bot_faab2acfc17bcc3ac988e30fcde23374,Token for https://gitlab.com/gitlab-org/frontend/playground/webpack-memory-metrics,300,Bot,,bot-heuristic
7311229,magdabot,magdabot,51,Bot,,bot-heuristic
25302816,group_87841352_bot_06158a4348bb86c5f716829c854dc0cb,fedora_bootc_tests_group_access_token,287,Bot,,bot-heuristic
1924027,ginkgo-bot,ginkgo-bot,269,Bot,,bot-heuristic
24799098,project_54957577_bot_7321125886f443c0782dbdfdabc5267e,renovate-bot,154,Bot,,bot-heuristic
24799105,project_54957577_bot_985ef042f665e7d9793246aff8532635,danger,93,Bot,,bot-heuristic
24799155,project_54957577_bot_10407bb3c377aef81f252c48775cf809,woodhouse,69,Bot,,bot-heuristic
23465205,project_42150930_bot_a47792031cb8d13d263edbcd69a1b639,CI,113,Bot,,bot-heuristic
22429111,group_3327297_bot_3490d86a901d88a501a5b5a8af9f910e,Renovate Bot,86,Bot,Bot,bot-heuristic
22636460,group_3327297_bot_18b4c1b78122aefdbc491ca59fdf6240,Multi-Gitter,207,Bot,,bot-heuristic
18428143,renovate-bot.davinkevin.fr,Renovate Bot,229,Bot,,bot-heuristic
7671861,CouchersBot,Couchers Bot,263,Bot,,bot-heuristic
24799159,project_12968493_bot_9e55734f2799df42f53a5dd6429a880d,semantic-release,195,Bot,,bot-heuristic
22700733,project_58329899_bot_b02ca162b0a7e99d7f78a32638acd39a,Upsert Git Tag Token,12,Bot,,bot-heuristic
11071991,empaia-ci-bot,CI Bot,298,Bot,,bot-heuristic
3625932,bc-bot,Bob The Beautiful Canoe Robot,87,Bot,Bot,bot-heuristic
22624179,project_32555934_bot_6a7a8ade4d11fa859fabfccc4fade736,Localise_2024,10,Bot,,bot-heuristic
24746542,project_46649240_bot_a3334877459e5a1afa7152a61fb81472,Danger,23,Bot,,bot-heuristic
24678159,project_59706718_bot_9258bfac8d006264ba3e678d0db215c5,pipelines-as-code-secret,273,Bot,,bot-heuristic
23049950,group_4393555_bot_2010b002c789eb042360c58ac4575935,Pipeline Token (GL_TOKEN),132,Bot,,bot-heuristic
22103793,project_37401966_bot_10cd908228cc6e7685ab0b0fdfdbf1a3,CONTRATOSV2_API_TOKEN,39,Bot,,bot-heuristic
21210630,project_39823212_bot_9d3784ce70e722ca555a9e62e54ea750,rascil-ci-pipeline-token,12,Bot,,bot-heuristic
21302058,project_30910044_bot_8b59d5cd74747d38fa68050edbabcadb,GITLAB_API_ACCESS_TOKEN,91,Bot,,bot-heuristic
14933044,scrwbot,SCRW Bot,26,Bot,Bot,bot-heuristic
21991320,group_3434605_bot_6f5d8e75269d9a034a3a754c34bc0bcd,RENOVATE_TOKEN,54,Bot,,bot-heuristic
9343781,twfgcicdbot,TWFGcicd bot,9,Bot,Bot,bot-heuristic
21772168,group_52363995_bot_b18f7e73094eb76a5b251cd47aa83323,sonarcloud,131,Bot,,bot-heuristic
21774269,group_52363995_bot_ae29d2aadf61a96abf747abdd6544e8a,bk-ci-job,300,Bot,,bot-heuristic
22730132,project_61399101_bot_d3469d493b6f845ff41c4290aa91ce76,deploy_token,300,Bot,,bot-heuristic
24799135,project_36536308_bot_3ebca4b7dd3d1eea7e824279a27d6103,renovate-bot,5,Bot,Bot,bot-heuristic
22470403,group_6969493_bot_ed3f9a6e7260c3d9042cac9c2b31ab57,hestia-issue-activity-bot,261,Bot,,bot-heuristic
21255271,group_66745730_bot_48b246fddf2a44778d7f5f93482d554e,debdisttoken,300,Bot,,bot-heuristic
21732200,group_66745730_bot_91cf5a8c35c92717a1d9f91123fe5fd4,hugo,300,Bot,,bot-heuristic
21255528,group_66104997_bot_6fc10a3a81e84457cc4b9854eca79c4a,debdistcanary,300,Bot,,bot-heuristic
21058888,project_57240641_bot_4fa72d385568b99df4393e2e90579660,cnsasemain_public,14,Bot,Bot,bot-heuristic
21758724,group_54413505_bot_e95385c24bc0124534a53eddc2a2fb42,ryax-engine tag and read API from release CI,16,Bot,,bot-heuristic
23166206,group_64781177_bot_8a7223988f9d30f004640e1fd96ef211,renovate-bot,53,Bot,Bot,bot-heuristic
5196383,svrbc_bot,SVRBC Bot,28,Bot,,bot-heuristic
8814875,centos-stream-zuul-ci-bot,CentOS Stream Zuul CI,284,Bot,,bot-heuristic
21582184,group_8794173_bot_b5827ad644a132afae20972d6b53fa4f,OSCI Bot,222,Bot,Bot,bot-heuristic
8272820,dld-bot,DLD Bot,296,Bot,,bot-heuristic
21268908,group_7094694_bot_13db0e7f5249ed14b4a7f0ee7a2c9618,jobtech-ci-write-repos-token-v2,300,Bot,,bot-heuristic
5971042,NonsaBot,Nonsa Bot,269,Bot,,bot-heuristic
22447548,project_48189215_bot_699528b4dea93c9d73520443caebaf21,app1-github-backup-2024,300,Bot,,bot-heuristic
23056572,group_14626556_bot_3b6649d7f7df16e975e6197623c34cf9,snyk-2024-2025,250,Bot,,bot-heuristic
24718793,project_55313410_bot_2f8450e02bfd8475590fe439e0e9ad5e,Custom Models Issue Refinement Bot,5,Bot,Bot,bot-heuristic
21017126,project_57227270_bot_540bde391bdfed1d2b843a9ff667ff36,auto commit token,300,Bot,,bot-heuristic
7010448,gitlab-omnibus-mirror-bot,Gitlab Mirror Bot,178,Bot,,bot-heuristic
22365731,fgbot,fgbot,13,Bot,,bot-heuristic
22447468,project_48061331_bot_186c92af4ae46f6c3ef2320ff211d8bb,app1-bitcoin-bitcoin-2024,300,Bot,,bot-heuristic
25192135,project_65554032_bot_50b896a6fdca5f8c1fdbb329298835d1,ACCESS_TOKEN,36,Bot,,bot-heuristic
21299950,group_12499775_bot_ed0f038b491dd03a9ddd0da2cd99988d,Partisia Release Bot,300,Bot,,bot-heuristic
16990714,aisop-robot,AISOP Robot,7,Human,Human,bot-heuristic
21257159,group_2980707_bot_9e06a56f003203e158cd91acd6048ce7,Jenkins - b6f0f1dd,238,Bot,,bot-heuristic
24798911,group_4205920_bot_7099e3550c79317cccfd60ff4086bbb1,semantic-release,15,Bot,,bot-heuristic
24799268,project_58594472_bot_8f9f4d3690b3a5f01782abbd1efde7c5,renovate-bot,160,Bot,Bot,bot-heuristic
21283636,group_15475008_bot_7d67b649789ad89b9ae204a23d491ab6,RenovateBot token for version update,282,Bot,,bot-heuristic
2391418,Dexter9313,Florian Cabot,148,Bot,,bot-heuristic
16883334,rainbow-robot,ASTRON Rainbow,112,Bot,,bot-heuristic
22129829,ComhixBot,Gitlab Bot,224,Bot,,bot-heuristic
11902200,env0-bot-bors,env0  bors,264,Bot,,bot-heuristic
21789086,group_2995119_bot_bbd491cd3c6207342ecc37c4a8409437,https://gitlab.com/amdap/renovate/renovate-runner RENOVATE_TOKEN,292,Bot,Bot,bot-heuristic
23075973,project_61371531_bot_8df966d1555830c402a835fad33de9a2,GITLAB_TOKEN https://gitlab.com/amdap/adjunct/k8s-ci.git,40,Bot,,bot-heuristic
24721334,project_61371531_bot_d72caf5763a275341206e3890f1d3206,SELF_TOKEN https://gitlab.com/amdap/adjunct/k8s-ci.git,38,Bot,,bot-heuristic
21463773,group_7040839_bot_0b2dc8a322bdefb94c19cc3a06af64f9,renovate-runner,268,Bot,,bot-heuristic
22447518,project_48189896_bot_5a893e7dbccf13135fbe6795cd22f0a4,app1-bitcoin-core-secp256k1-2024,300,Bot,,bot-heuristic
23250036,project_62408328_bot_3a827d442d135d5667e2683cd9995920,DevelopToken,299,Bot,,bot-heuristic
7514871,git-vcs-robot,Git VCS Robot,208,Bot,,bot-heuristic
7869460,pantacor_one_cibot,One Cibot Pantacor,227,Bot,,bot-heuristic
22805631,group_92907445_bot_b453f88cba31a74ec234edd8bb0de473,Semantic Release,107,Bot,,bot-heuristic
24597997,project_64272446_bot_e20e7ae1c4c739dc5aca5e5bd3091c7d,my,77,Bot,,bot-heuristic
25259667,project_65650978_bot_9892082823530f98be5b4e4223552eb3,git-code-foundry,60,Bot,Bot,bot-heuristic
25259868,project_65650978_bot_fa5b24a5aa3e2811adaf1f6b62626e7f,MaintainTokenApiV2,23,Bot,,bot-heuristic
14287963,project_43267161_bot_ec89aa711fb2e13c5cf976c811beeb01,Pinehole Self-Pushing Token,91,Bot,,bot-heuristic
24665813,project_50430054_bot_3b6aca02611fb82b4ec693afaf3cfe56,GITHUB_ACTIONS_MIRROR_ACCESS,29,Bot,Bot,bot-heuristic
7639388,fepitre-bot,fepitre-bot,261,Bot,,bot-heuristic
22711357,project_59940529_bot_93ad4ae97ca34fea9d177978e2a5852e,tal_token3,232,Bot,,bot-heuristic
23489045,group_69954530_bot_31b92a7f4503cb365910094e05fe2e69,gitlab_project_token,4,Bot,Bot,bot-heuristic
24973826,project_53812701_bot_879ba8a6fd4999657f01a9912d13d219,Updater,42,Bot,,bot-heuristic
24734333,project_64586918_bot_201df8156d1aed60bd88612d26438850,chunk-deploy,23,Bot,,bot-heuristic
25103754,project_43688369_bot_320af1a92d3ee92f7ccb2ef9bc7b17fe,ACCESS_TOKEN,37,Bot,Bot,bot-heuristic
15340477,chessmango-renovatebot,Renovate Bot,14,Bot,Bot,bot-heuristic
25176792,project_32768625_bot_edf52e28af0831265a81d169371bd691,CI Push Secret,36,Bot,,bot-heuristic
21319084,project_33574247_bot_1a527ae38b28926ab8e21a4be0e63d3a,CI/CD,91,Bot,,bot-heuristic
21514250,project_22534149_bot_e5105adda1e798dc80395be84127e6c5,gitlab-ci-token-renew-yearly-because-gitlabs-security-ppl-are-stupid,182,Bot,,bot-heuristic
2256237,coqbot,coqbot,300,Bot,,GitHub common
4000734,mender-test-bot,mender-test-bot,300,Bot,,GitHub common
2423509,translatewiki,Translatewiki.net,8,Bot,,GitHub common
